<?xml version="1.0" encoding="UTF-8"?><rss version="2.0"
	xmlns:content="http://purl.org/rss/1.0/modules/content/"
	xmlns:wfw="http://wellformedweb.org/CommentAPI/"
	xmlns:dc="http://purl.org/dc/elements/1.1/"
	xmlns:atom="http://www.w3.org/2005/Atom"
	xmlns:sy="http://purl.org/rss/1.0/modules/syndication/"
	xmlns:slash="http://purl.org/rss/1.0/modules/slash/"
	>

<channel>
	<title>Branding &#8211; Taraf</title>
	<atom:link href="/portfolio-category/branding/feed/" rel="self" type="application/rss+xml" />
	<link>/</link>
	<description>Just another WordPress site</description>
	<lastBuildDate>Wed, 15 Aug 2018 12:51:50 +0000</lastBuildDate>
	<language>ar</language>
	<sy:updatePeriod>
	hourly	</sy:updatePeriod>
	<sy:updateFrequency>
	1	</sy:updateFrequency>
	<generator>https://wordpress.org/?v=6.4.2</generator>
	<item>
		<title>Photo Retouching</title>
		<link>/portfolio/photo-retouching/</link>
		
		<dc:creator><![CDATA[Daniel]]></dc:creator>
		<pubDate>Wed, 15 Aug 2018 12:51:50 +0000</pubDate>
				<guid isPermaLink="false">http://one.peakteam.co/?post_type=rella-portfolio&#038;p=3354</guid>

					<description><![CDATA[Winter is coming]]></description>
										<content:encoded><![CDATA[		<div data-elementor-type="wp-post" data-elementor-id="3354" class="elementor elementor-3354">
									<section class="elementor-section elementor-top-section elementor-element elementor-element-64d6f65 elementor-section-content-middle elementor-section-boxed elementor-section-height-default elementor-section-height-default" data-id="64d6f65" data-element_type="section">
						<div class="elementor-container elementor-column-gap-default">
					<div class="elementor-column elementor-col-50 elementor-top-column elementor-element elementor-element-270b3a5" data-id="270b3a5" data-element_type="column">
			<div class="elementor-widget-wrap elementor-element-populated">
								<div class="elementor-element elementor-element-d51c5c7 elementor-widget elementor-widget-hub_fancy_heading" data-id="d51c5c7" data-element_type="widget" data-widget_type="hub_fancy_heading.default">
				<div class="elementor-widget-container">
			
		<div id="ld-fancy-heading-65940eee49c9c" class="ld-fancy-heading pos-rel">
			<h6 class="ld-fh-element d-inline-block pos-rel  elementor-heading-title lqd-highlight-classic lqd-highlight-grow-left h6"  > Photogprahy</h6>		</div>

				</div>
				</div>
				<div class="elementor-element elementor-element-8525a15 elementor-widget elementor-widget-hub_fancy_heading" data-id="8525a15" data-element_type="widget" data-widget_type="hub_fancy_heading.default">
				<div class="elementor-widget-container">
			
		<div id="ld-fancy-heading-65940eee4a7c3" class="ld-fancy-heading pos-rel">
			<h1 class="ld-fh-element d-inline-block pos-rel  elementor-heading-title lqd-highlight-classic lqd-highlight-grow-left h1"  > Photo Retouching</h1>		</div>

				</div>
				</div>
				<div class="elementor-element elementor-element-7d51525 elementor-widget elementor-widget-hub_fancy_heading" data-id="7d51525" data-element_type="widget" data-widget_type="hub_fancy_heading.default">
				<div class="elementor-widget-container">
			
		<div id="ld-fancy-heading-65940eee4c2cf" class="ld-fancy-heading pos-rel">
			<p class="ld-fh-element d-inline-block pos-rel  lqd-highlight-classic lqd-highlight-grow-left p"  > We provide digital experience services to startups and small businesses. We help our clients succeed by creating brand identities, digital experiences, and print materials. Install any demo, plugin or template in a matter of seconds.</p>		</div>

				</div>
				</div>
					</div>
		</div>
				<div class="elementor-column elementor-col-50 elementor-top-column elementor-element elementor-element-4792094" data-id="4792094" data-element_type="column">
			<div class="elementor-widget-wrap elementor-element-populated">
								<div class="elementor-element elementor-element-fa765c1 elementor-widget elementor-widget-ld_single_portfolio_meta" data-id="fa765c1" data-element_type="widget" data-widget_type="ld_single_portfolio_meta.default">
				<div class="elementor-widget-container">
			
            <div class="lqd-pf-single-meta d-flex flex-wrap justify-content-between columns-2">
                <div class="lqd-pf-single-meta-part"><p class="mt-0 mb-0">Client </p><p class="mt-0 mb-0"> Liquid Themes</p></div><div class="lqd-pf-single-meta-part"><p class="mt-0 mb-0">Role </p><p class="mt-0 mb-0"> Photographer</p></div><div class="lqd-pf-single-meta-part"><p class="mt-0 mb-0">Date </p><p class="mt-0 mb-0"> June 2020</p></div><div class="lqd-pf-single-meta-part"><p class="mt-0 mb-0">Share </p><p class="mt-0 mb-0"> <ul class="social-icon d-flex align-items-center reset-ul">
			<li class="me-3"><a rel="nofollow" target="_blank" href="https://www.facebook.com/sharer/sharer.php?u=https://taraf.danielosman.com/portfolio/photo-retouching/"><svg xmlns="http://www.w3.org/2000/svg" viewBox="0 0 320 512" style="width: 1em; height: 1em;"><path fill="currentColor" d="M279.14 288l14.22-92.66h-88.91v-60.13c0-25.35 12.42-50.06 52.24-50.06h40.42V6.26S260.43 0 225.36 0c-73.22 0-121.08 44.38-121.08 124.72v70.62H22.89V288h81.39v224h100.17V288z"/></svg></a></li>
			<li class="me-3"><a rel="nofollow" target="_blank" href="https://twitter.com/intent/tweet?text=Photo%20Retouching&#038;url=https://taraf.danielosman.com/portfolio/photo-retouching/"><svg xmlns="http://www.w3.org/2000/svg" viewBox="0 0 512 512" style="width: 1em; height: 1em;"><path fill="currentColor" d="M459.37 151.716c.325 4.548.325 9.097.325 13.645 0 138.72-105.583 298.558-298.558 298.558-59.452 0-114.68-17.219-161.137-47.106 8.447.974 16.568 1.299 25.34 1.299 49.055 0 94.213-16.568 130.274-44.832-46.132-.975-84.792-31.188-98.112-72.772 6.498.974 12.995 1.624 19.818 1.624 9.421 0 18.843-1.3 27.614-3.573-48.081-9.747-84.143-51.98-84.143-102.985v-1.299c13.969 7.797 30.214 12.67 47.431 13.319-28.264-18.843-46.781-51.005-46.781-87.391 0-19.492 5.197-37.36 14.294-52.954 51.655 63.675 129.3 105.258 216.365 109.807-1.624-7.797-2.599-15.918-2.599-24.04 0-57.828 46.782-104.934 104.934-104.934 30.213 0 57.502 12.67 76.67 33.137 23.715-4.548 46.456-13.32 66.599-25.34-7.798 24.366-24.366 44.833-46.132 57.827 21.117-2.273 41.584-8.122 60.426-16.243-14.292 20.791-32.161 39.308-52.628 54.253z"/></svg></a></li>
			<li class="me-3"><a rel="nofollow" target="_blank" href="https://pinterest.com/pin/create/button/?url=&amp;media=https://taraf.danielosman.com/wp-content/uploads/2018/08/2.jpg&amp;description=Photo+Retouching"><svg xmlns="http://www.w3.org/2000/svg" viewBox="0 0 384 512" style="width: 1em; height: 1em;"><path fill="currentColor" d="M204 6.5C101.4 6.5 0 74.9 0 185.6 0 256 39.6 296 63.6 296c9.9 0 15.6-27.6 15.6-35.4 0-9.3-23.7-29.1-23.7-67.8 0-80.4 61.2-137.4 140.4-137.4 68.1 0 118.5 38.7 118.5 109.8 0 53.1-21.3 152.7-90.3 152.7-24.9 0-46.2-18-46.2-43.8 0-37.8 26.4-74.4 26.4-113.4 0-66.2-93.9-54.2-93.9 25.8 0 16.8 2.1 35.4 9.6 50.7-13.8 59.4-42 147.9-42 209.1 0 18.9 2.7 37.5 4.5 56.4 3.4 3.8 1.7 3.4 6.9 1.5 50.4-69 48.6-82.5 71.4-172.8 12.3 23.4 44.1 36 69.3 36 106.2 0 153.9-103.5 153.9-196.8C384 71.3 298.2 6.5 204 6.5z"/></svg></a></li>
			<li><a rel="nofollow" target="_blank" href="https://www.linkedin.com/shareArticle?mini=true&#038;url=https://taraf.danielosman.com/portfolio/photo-retouching/&#038;title=Photo%20Retouching&#038;source=Taraf"><svg xmlns="http://www.w3.org/2000/svg" viewBox="0 0 448 512" style="width: 1em; height: 1em;"><path fill="currentColor" d="M100.28 448H7.4V148.9h92.88zM53.79 108.1C24.09 108.1 0 83.5 0 53.8a53.79 53.79 0 0 1 107.58 0c0 29.7-24.1 54.3-53.79 54.3zM447.9 448h-92.68V302.4c0-34.7-.7-79.2-48.29-79.2-48.29 0-55.69 37.7-55.69 76.7V448h-92.78V148.9h89.08v40.8h1.3c12.4-23.5 42.69-48.3 87.88-48.3 94 0 111.28 61.9 111.28 142.3V448z"/></svg></a></li></ul></p></div>            </div>
  
        		</div>
				</div>
					</div>
		</div>
							</div>
		</section>
				<section class="elementor-section elementor-top-section elementor-element elementor-element-694a50b elementor-section-boxed elementor-section-height-default elementor-section-height-default" data-id="694a50b" data-element_type="section">
						<div class="elementor-container elementor-column-gap-default">
					<div class="elementor-column elementor-col-100 elementor-top-column elementor-element elementor-element-f057b7f" data-id="f057b7f" data-element_type="column">
			<div class="elementor-widget-wrap elementor-element-populated">
								<div class="elementor-element elementor-element-3061b8d elementor-widget elementor-widget-ld_images_comparison" data-id="3061b8d" data-element_type="widget" data-widget_type="ld_images_comparison.default">
				<div class="elementor-widget-container">
			
        
			<figure class="cd-image-container mb-0 pos-rel">

				<img fetchpriority="high" decoding="async" width="2362" height="1058" src="/wp-content/uploads/2018/08/retouch2@2x-3.jpg" class="attachment-full size-full" alt="" srcset="/wp-content/uploads/2018/08/retouch2@2x-3.jpg 2362w, /wp-content/uploads/2018/08/retouch2@2x-3-300x134.jpg 300w, /wp-content/uploads/2018/08/retouch2@2x-3-1024x459.jpg 1024w" sizes="(max-width: 2362px) 100vw, 2362px" itemprop="image" />				<span class="cd-image-label pos-abs border-radius-4" data-type="original">Before</span>

				<div class="cd-resize-img lqd-overlay overflow-hidden backface-hidden">

					<img decoding="async" width="2362" height="1058" src="data:image/svg+xml;charset=utf-8,%3Csvg xmlns%3D&#039;http%3A%2F%2Fwww.w3.org%2F2000%2Fsvg&#039; viewBox%3D&#039;0 0 2362 1058&#039;%2F%3E" class="d-block lqd-overlay ld-lazyload" alt="" itemprop="image" data-src="/wp-content/uploads/2018/08/retouch1@2x-3.jpg" data-srcset="/wp-content/uploads/2018/08/retouch1@2x-3.jpg 2362w, /wp-content/uploads/2018/08/retouch1@2x-3-300x134.jpg 300w, /wp-content/uploads/2018/08/retouch1@2x-3-1024x459.jpg 1024w" data-sizes="(max-width: 2362px) 100vw, 2362px" data-aspect="2.2325141776938" />					<span class="cd-image-label pos-abs border-radius-4" data-type="modified">After</span>

				</div>
				
				<div class="cd-handle pos-abs">
					<svg xmlns="http://www.w3.org/2000/svg" width="12" height="32" viewBox="0 0 12 32" style="width: 1em; height: 1em;"><path fill="currentColor" d="M3.625 16l7.938 7.938c.562.562.562 1.562 0 2.125-.313.312-.688.437-1.063.437s-.75-.125-1.063-.438L.376 17c-.563-.563-.5-1.5.063-2.063l9-9c.562-.562 1.562-.562 2.124 0s.563 1.563 0 2.125z"></path></svg>
					<svg xmlns="http://www.w3.org/2000/svg" width="12" height="32" viewBox="0 0 12 32" style="width: 1em; height: 1em;"><path fill="currentColor" d="M3.625 16l7.938 7.938c.562.562.562 1.562 0 2.125-.313.312-.688.437-1.063.437s-.75-.125-1.063-.438L.376 17c-.563-.563-.5-1.5.063-2.063l9-9c.562-.562 1.562-.562 2.124 0s.563 1.563 0 2.125z"></path></svg>
				</div>

			</figure>
                        
					</div>
				</div>
					</div>
		</div>
							</div>
		</section>
				<section class="elementor-section elementor-top-section elementor-element elementor-element-d02931d elementor-section-boxed elementor-section-height-default elementor-section-height-default" data-id="d02931d" data-element_type="section">
						<div class="elementor-container elementor-column-gap-default">
					<div class="elementor-column elementor-col-33 elementor-top-column elementor-element elementor-element-f558be1" data-id="f558be1" data-element_type="column">
			<div class="elementor-widget-wrap">
									</div>
		</div>
				<div class="elementor-column elementor-col-33 elementor-top-column elementor-element elementor-element-f28ed13" data-id="f28ed13" data-element_type="column">
			<div class="elementor-widget-wrap elementor-element-populated">
								<div class="elementor-element elementor-element-9173900 elementor-widget elementor-widget-hub_fancy_heading" data-id="9173900" data-element_type="widget" data-widget_type="hub_fancy_heading.default">
				<div class="elementor-widget-container">
			
		<div id="ld-fancy-heading-65940eee70c08" class="ld-fancy-heading pos-rel">
			<h2 class="ld-fh-element d-inline-block pos-rel  elementor-heading-title lqd-highlight-classic lqd-highlight-grow-left h2"  > Testimonials</h2>		</div>

				</div>
				</div>
				<div class="elementor-element elementor-element-fee1858 elementor-widget elementor-widget-ld_carousel" data-id="fee1858" data-element_type="widget" data-widget_type="ld_carousel.default">
				<div class="elementor-widget-container">
			
		<div class="carousel-container pos-rel carousel-nav-center carousel-nav-center carousel-nav-floated carousel-nav-middle carousel-nav-middle no carousel-dots-style4 carousel-dots-mobile-outside carousel-dots-mobile-center yes" id="" >

			<div class="carousel-items pos-rel "  data-lqd-flickity='{"prevNextButtons":true,"pageDots":true,"wrapAround":true,"navArrow":"6","cellAlign":"left","groupCells":false,"buttonsAppendTo":"self","addSlideNumbersToArrows":false,"dotsIndicator":"dots","dotsAppendTo":"self"}'>

								<div class="flickity-viewport pos-rel w-100 overflow-hidden">
					<div class="flickity-slider d-flex w-100 h-100 pos-rel align-items-start" style="right: 0; transform: translateX(0%);">
													<div class="carousel-item d-flex flex-column justify-content-center elementor-repeater-item-6ba3a97">
								<div class="carousel-item-inner pos-rel w-100">
									<div class="carousel-item-content pos-rel w-100">

										<p><span style="font-size: 17px; line-height: 1.52em; color: #000000;">Such a solid theme. Well coded, organized and easy to set up and customize. Customer support has also been great when I have had questions. Online documentation is very comprehensive.</span></p>									</div>
								</div>
							</div>
													<div class="carousel-item d-flex flex-column justify-content-center elementor-repeater-item-d7744e5">
								<div class="carousel-item-inner pos-rel w-100">
									<div class="carousel-item-content pos-rel w-100">

										<p><span style="font-size: 17px; line-height: 1.52em; color: #000000;">Such a solid theme. Well coded, organized and easy to set up and customize. Customer support has also been great when I have had questions. Online documentation is very comprehensive.</span></p>									</div>
								</div>
							</div>
													<div class="carousel-item d-flex flex-column justify-content-center elementor-repeater-item-533b727">
								<div class="carousel-item-inner pos-rel w-100">
									<div class="carousel-item-content pos-rel w-100">

										<p><span style="font-size: 17px; line-height: 1.52em; color: #000000;">Such a solid theme. Well coded, organized and easy to set up and customize. Customer support has also been great when I have had questions. Online documentation is very comprehensive.</span></p>									</div>
								</div>
							</div>
											</div>
				</div>
			</div>
			
			
		</div>
				</div>
				</div>
					</div>
		</div>
				<div class="elementor-column elementor-col-33 elementor-top-column elementor-element elementor-element-cf1190b" data-id="cf1190b" data-element_type="column">
			<div class="elementor-widget-wrap">
									</div>
		</div>
							</div>
		</section>
				<section class="elementor-section elementor-top-section elementor-element elementor-element-ecd5fb2 elementor-section-boxed elementor-section-height-default elementor-section-height-default" data-id="ecd5fb2" data-element_type="section">
						<div class="elementor-container elementor-column-gap-default">
					<div class="elementor-column elementor-col-100 elementor-top-column elementor-element elementor-element-5809e56" data-id="5809e56" data-element_type="column">
			<div class="elementor-widget-wrap elementor-element-populated">
								<div class="elementor-element elementor-element-f9c361b elementor-widget elementor-widget-ld_single_portfolio_nav" data-id="f9c361b" data-element_type="widget" data-widget_type="ld_single_portfolio_nav.default">
				<div class="elementor-widget-container">
								<div class="lqd-pf-meta-nav d-flex lqd-pf-meta-nav-classic align-items-center justify-content-between">
												<a href="/portfolio/kontrast/" class="lqd-pf-nav-link lqd-pf-nav-prev d-flex align-items-center">
							<i class="lqd-icn-ess icon-ion-ios-arrow-back"></i>
							<span class="ms-3 d-flex flex-column">
								<span class="lqd-pf-nav-link-subtitle">Previous</span>
								<span class="lqd-pf-nav-link-title">Kontrast</span>
							</span>
						</a>
						
																						<a href="#" class="lqd-pf-nav-link lqd-pf-nav-all"><span></span></a>
														
												<a href="/portfolio/aliens-do-3d-automobile/" class="lqd-pf-nav-link lqd-pf-nav-next d-flex flex-row-reverse align-items-center text-end">
							<i class="lqd-icn-ess icon-ion-ios-arrow-forward"></i>
							<span class="me-3 d-flex flex-column">
								<span class="lqd-pf-nav-link-subtitle">Next</span>
								<span class="lqd-pf-nav-link-title">Aliens do 3D Automobile</span>
							</span>
						</a>
											</div>
						</div>
				</div>
					</div>
		</div>
							</div>
		</section>
							</div>
		]]></content:encoded>
					
		
		
			</item>
		<item>
		<title>Kontrast</title>
		<link>/portfolio/kontrast/</link>
		
		<dc:creator><![CDATA[Daniel]]></dc:creator>
		<pubDate>Wed, 15 Aug 2018 12:50:47 +0000</pubDate>
				<guid isPermaLink="false">http://one.peakteam.co/?post_type=rella-portfolio&#038;p=3353</guid>

					<description><![CDATA[Winter is coming]]></description>
										<content:encoded><![CDATA[		<div data-elementor-type="wp-post" data-elementor-id="3353" class="elementor elementor-3353">
									<section class="elementor-section elementor-top-section elementor-element elementor-element-138188b elementor-section-height-full elementor-section-boxed elementor-section-height-default elementor-section-items-middle" data-id="138188b" data-element_type="section">
						<div class="elementor-container elementor-column-gap-default">
					<div class="elementor-column elementor-col-100 elementor-top-column elementor-element elementor-element-5707be7" data-id="5707be7" data-element_type="column">
			<div class="elementor-widget-wrap elementor-element-populated">
								<section class="elementor-section elementor-inner-section elementor-element elementor-element-0050085 elementor-section-full_width elementor-section-height-default elementor-section-height-default" data-id="0050085" data-element_type="section">
						<div class="elementor-container elementor-column-gap-no">
					<div class="elementor-column elementor-col-100 elementor-inner-column elementor-element elementor-element-5967208" data-id="5967208" data-element_type="column">
			<div class="elementor-widget-wrap elementor-element-populated">
								<div class="elementor-element elementor-element-2874fcd elementor-widget elementor-widget-hub_fancy_heading" data-id="2874fcd" data-element_type="widget" data-widget_type="hub_fancy_heading.default">
				<div class="elementor-widget-container">
			
		<div id="ld-fancy-heading-65940eee7ca09" class="ld-fancy-heading pos-rel">
			<h1 class="ld-fh-element d-inline-block pos-rel  elementor-heading-title lqd-highlight-classic lqd-highlight-grow-left h1"  > Kontrast</h1>		</div>

				</div>
				</div>
					</div>
		</div>
							</div>
		</section>
				<section class="elementor-section elementor-inner-section elementor-element elementor-element-996363e elementor-section-boxed elementor-section-height-default elementor-section-height-default" data-id="996363e" data-element_type="section">
						<div class="elementor-container elementor-column-gap-no">
					<div class="elementor-column elementor-col-25 elementor-inner-column elementor-element elementor-element-60035d9" data-id="60035d9" data-element_type="column">
			<div class="elementor-widget-wrap">
									</div>
		</div>
				<div class="elementor-column elementor-col-25 elementor-inner-column elementor-element elementor-element-559d410" data-id="559d410" data-element_type="column">
			<div class="elementor-widget-wrap elementor-element-populated">
								<div class="elementor-element elementor-element-479ff005 elementor-widget elementor-widget-hub_fancy_heading" data-id="479ff005" data-element_type="widget" data-widget_type="hub_fancy_heading.default">
				<div class="elementor-widget-container">
			
		<div id="ld-fancy-heading-65940eee7dece" class="ld-fancy-heading pos-rel">
			<p class="ld-fh-element d-inline-block pos-rel  lqd-highlight-classic lqd-highlight-grow-left p"  > Art Direction<br>
User Interface<br>
Branding Strategy<br>
Print Design<br>
3D Render</p>		</div>

				</div>
				</div>
				<div class="elementor-element elementor-element-332cc3ab elementor-widget elementor-widget-hub_fancy_heading" data-id="332cc3ab" data-element_type="widget" data-widget_type="hub_fancy_heading.default">
				<div class="elementor-widget-container">
			
		<div id="ld-fancy-heading-65940eee7e7eb" class="ld-fancy-heading pos-rel">
			<p class="ld-fh-element d-inline-block pos-rel  lqd-highlight-classic lqd-highlight-grow-left p"  > Site of the Day<br>
Honorable Mention</p>		</div>

				</div>
				</div>
					</div>
		</div>
				<div class="elementor-column elementor-col-25 elementor-inner-column elementor-element elementor-element-d55d567" data-id="d55d567" data-element_type="column">
			<div class="elementor-widget-wrap elementor-element-populated">
								<div class="elementor-element elementor-element-a207666 elementor-widget elementor-widget-hub_fancy_heading" data-id="a207666" data-element_type="widget" data-widget_type="hub_fancy_heading.default">
				<div class="elementor-widget-container">
			
		<div id="ld-fancy-heading-65940eee7f3b9" class="ld-fancy-heading pos-rel">
			<p class="ld-fh-element d-inline-block pos-rel  lqd-highlight-classic lqd-highlight-grow-left p"  > We provide digital experience services to startups and small businesses. We help our clients succeed by creating brand identities, digital experiences, and print materials. Install any demo, plugin or template in a matter of seconds. Just select the demo and click OK. It’s that easy! The latest design trends meet hand-crafted templates in Ave Collection. Use pre-built sections to speed up your design process. Open a beautiful store, increase your conversion rates and boost your sales in minutes with object-oriented UX.</p>		</div>

				</div>
				</div>
					</div>
		</div>
				<div class="elementor-column elementor-col-25 elementor-inner-column elementor-element elementor-element-e13901b" data-id="e13901b" data-element_type="column">
			<div class="elementor-widget-wrap">
									</div>
		</div>
							</div>
		</section>
					</div>
		</div>
							</div>
		</section>
				<section class="elementor-section elementor-top-section elementor-element elementor-element-22095ea elementor-section-boxed elementor-section-height-default elementor-section-height-default" data-id="22095ea" data-element_type="section">
						<div class="elementor-container elementor-column-gap-default">
					<div class="elementor-column elementor-col-33 elementor-top-column elementor-element elementor-element-f9e2374" data-id="f9e2374" data-element_type="column">
			<div class="elementor-widget-wrap">
									</div>
		</div>
				<div class="elementor-column elementor-col-33 elementor-top-column elementor-element elementor-element-0a4ea4f" data-id="0a4ea4f" data-element_type="column">
			<div class="elementor-widget-wrap elementor-element-populated">
								<div class="elementor-element elementor-element-6ad11da elementor-widget__width-auto elementor-widget elementor-widget-hub_fancy_heading" data-id="6ad11da" data-element_type="widget" data-widget_type="hub_fancy_heading.default">
				<div class="elementor-widget-container">
			
		<div id="ld-fancy-heading-65940eee80f88" class="ld-fancy-heading pos-rel">
			<p class="ld-fh-element d-inline-block pos-rel  lqd-highlight-classic lqd-highlight-grow-left p"  > 01</p>		</div>

				</div>
				</div>
					</div>
		</div>
				<div class="elementor-column elementor-col-33 elementor-top-column elementor-element elementor-element-f14884f" data-id="f14884f" data-element_type="column">
			<div class="elementor-widget-wrap elementor-element-populated">
								<div class="elementor-element elementor-element-ec0fc3a elementor-widget elementor-widget-ld_fancy_image" data-id="ec0fc3a" data-element_type="widget" data-widget_type="ld_fancy_image.default">
				<div class="elementor-widget-container">
			
		<div class="lqd-imggrp-single d-block pos-rel perspective" data-hover3d="true">
			<div class="lqd-imggrp-img-container d-inline-flex pos-rel align-items-center justify-content-center transform-style-3d">
								<figure class="w-100 pos-rel" data-stacking-factor="0.4">
					<img decoding="async" width="1590" height="1108" src="data:image/svg+xml;charset=utf-8,%3Csvg xmlns%3D&#039;http%3A%2F%2Fwww.w3.org%2F2000%2Fsvg&#039; viewBox%3D&#039;0 0 1590 1108&#039;%2F%3E" class="attachment-full size-full wp-image-4512 ld-lazyload" alt="" itemprop="image" data-src="/wp-content/uploads/2018/08/1@2x-1-3.jpg" data-srcset="/wp-content/uploads/2018/08/1@2x-1-3.jpg 1590w, /wp-content/uploads/2018/08/1@2x-1-3-300x209.jpg 300w, /wp-content/uploads/2018/08/1@2x-1-3-1024x714.jpg 1024w" data-sizes="(max-width: 1590px) 100vw, 1590px" data-aspect="1.4350180505415" />																									<a href="/wp-content/uploads/2018/08/1@2x-1-3.jpg" class="lqd-overlay lqd-fi-overlay-link lqd-cc-label-trigger fresco" data-fresco-group="lightbox-1"></a>				</figure>
			</div>
		</div>

			</div>
				</div>
					</div>
		</div>
							</div>
		</section>
				<section class="elementor-section elementor-top-section elementor-element elementor-element-e7e6cb3 elementor-reverse-tablet elementor-reverse-mobile elementor-section-boxed elementor-section-height-default elementor-section-height-default" data-id="e7e6cb3" data-element_type="section">
						<div class="elementor-container elementor-column-gap-default">
					<div class="elementor-column elementor-col-50 elementor-top-column elementor-element elementor-element-973edf4" data-id="973edf4" data-element_type="column">
			<div class="elementor-widget-wrap elementor-element-populated">
								<div class="elementor-element elementor-element-92b3f34 elementor-widget elementor-widget-ld_fancy_image" data-id="92b3f34" data-element_type="widget" data-widget_type="ld_fancy_image.default">
				<div class="elementor-widget-container">
			
		<div class="lqd-imggrp-single d-block pos-rel perspective" data-hover3d="true">
			<div class="lqd-imggrp-img-container d-inline-flex pos-rel align-items-center justify-content-center transform-style-3d">
								<figure class="w-100 pos-rel" data-stacking-factor="0.4">
					<img loading="lazy" decoding="async" width="954" height="1060" src="data:image/svg+xml;charset=utf-8,%3Csvg xmlns%3D&#039;http%3A%2F%2Fwww.w3.org%2F2000%2Fsvg&#039; viewBox%3D&#039;0 0 954 1060&#039;%2F%3E" class="attachment-full size-full wp-image-4699 ld-lazyload" alt="" itemprop="image" data-src="/wp-content/uploads/2018/08/2@2x-1-3.jpg" data-srcset="/wp-content/uploads/2018/08/2@2x-1-3.jpg 954w, /wp-content/uploads/2018/08/2@2x-1-3-270x300.jpg 270w, /wp-content/uploads/2018/08/2@2x-1-3-922x1024.jpg 922w" data-sizes="(max-width: 954px) 100vw, 954px" data-aspect="0.9" />																									<a href="/wp-content/uploads/2018/08/2@2x-1-3.jpg" class="lqd-overlay lqd-fi-overlay-link lqd-cc-label-trigger fresco" data-fresco-group="lightbox-1"></a>				</figure>
			</div>
		</div>

			</div>
				</div>
					</div>
		</div>
				<div class="elementor-column elementor-col-50 elementor-top-column elementor-element elementor-element-9c10a8d" data-id="9c10a8d" data-element_type="column">
			<div class="elementor-widget-wrap elementor-element-populated">
								<div class="elementor-element elementor-element-86d8bef elementor-widget elementor-widget-hub_fancy_heading" data-id="86d8bef" data-element_type="widget" data-widget_type="hub_fancy_heading.default">
				<div class="elementor-widget-container">
			
		<div id="ld-fancy-heading-65940eeed7965" class="ld-fancy-heading pos-rel">
			<p class="ld-fh-element d-inline-block pos-rel  lqd-highlight-classic lqd-highlight-grow-left p"  > 02</p>		</div>

				</div>
				</div>
					</div>
		</div>
							</div>
		</section>
				<section class="elementor-section elementor-top-section elementor-element elementor-element-a2fd4bc elementor-section-boxed elementor-section-height-default elementor-section-height-default" data-id="a2fd4bc" data-element_type="section">
						<div class="elementor-container elementor-column-gap-default">
					<div class="elementor-column elementor-col-33 elementor-top-column elementor-element elementor-element-c65bed0" data-id="c65bed0" data-element_type="column">
			<div class="elementor-widget-wrap elementor-element-populated">
								<div class="elementor-element elementor-element-dda6bef elementor-widget__width-auto elementor-widget elementor-widget-hub_fancy_heading" data-id="dda6bef" data-element_type="widget" data-widget_type="hub_fancy_heading.default">
				<div class="elementor-widget-container">
			
		<div id="ld-fancy-heading-65940eeed8cbb" class="ld-fancy-heading pos-rel">
			<p class="ld-fh-element d-inline-block pos-rel  lqd-highlight-classic lqd-highlight-grow-left p"  > 03</p>		</div>

				</div>
				</div>
					</div>
		</div>
				<div class="elementor-column elementor-col-33 elementor-top-column elementor-element elementor-element-9c09de4" data-id="9c09de4" data-element_type="column">
			<div class="elementor-widget-wrap elementor-element-populated">
								<div class="elementor-element elementor-element-7813d7f elementor-widget elementor-widget-ld_fancy_image" data-id="7813d7f" data-element_type="widget" data-widget_type="ld_fancy_image.default">
				<div class="elementor-widget-container">
			
		<div class="lqd-imggrp-single d-block pos-rel perspective" data-hover3d="true">
			<div class="lqd-imggrp-img-container d-inline-flex pos-rel align-items-center justify-content-center transform-style-3d">
								<figure class="w-100 pos-rel" data-stacking-factor="0.4">
					<img loading="lazy" decoding="async" width="1590" height="1840" src="data:image/svg+xml;charset=utf-8,%3Csvg xmlns%3D&#039;http%3A%2F%2Fwww.w3.org%2F2000%2Fsvg&#039; viewBox%3D&#039;0 0 1590 1840&#039;%2F%3E" class="attachment-full size-full wp-image-4510 ld-lazyload" alt="" itemprop="image" data-src="/wp-content/uploads/2018/08/3@2x-1-3.jpg" data-srcset="/wp-content/uploads/2018/08/3@2x-1-3.jpg 1590w, /wp-content/uploads/2018/08/3@2x-1-3-259x300.jpg 259w, /wp-content/uploads/2018/08/3@2x-1-3-885x1024.jpg 885w" data-sizes="(max-width: 1590px) 100vw, 1590px" data-aspect="0.86413043478261" />																									<a href="/wp-content/uploads/2018/08/3@2x-1-3.jpg" class="lqd-overlay lqd-fi-overlay-link lqd-cc-label-trigger fresco" data-fresco-group="lightbox-1"></a>				</figure>
			</div>
		</div>

			</div>
				</div>
					</div>
		</div>
				<div class="elementor-column elementor-col-33 elementor-top-column elementor-element elementor-element-2624949" data-id="2624949" data-element_type="column">
			<div class="elementor-widget-wrap">
									</div>
		</div>
							</div>
		</section>
				<section class="elementor-section elementor-top-section elementor-element elementor-element-1e62e4f elementor-section-boxed elementor-section-height-default elementor-section-height-default" data-id="1e62e4f" data-element_type="section">
						<div class="elementor-container elementor-column-gap-default">
					<div class="elementor-column elementor-col-50 elementor-top-column elementor-element elementor-element-03527b3" data-id="03527b3" data-element_type="column">
			<div class="elementor-widget-wrap elementor-element-populated">
								<div class="elementor-element elementor-element-21f3b18 elementor-widget__width-auto elementor-widget elementor-widget-hub_fancy_heading" data-id="21f3b18" data-element_type="widget" data-widget_type="hub_fancy_heading.default">
				<div class="elementor-widget-container">
			
		<div id="ld-fancy-heading-65940eef18c41" class="ld-fancy-heading pos-rel">
			<p class="ld-fh-element d-inline-block pos-rel  lqd-highlight-classic lqd-highlight-grow-left p"  > 04</p>		</div>

				</div>
				</div>
					</div>
		</div>
				<div class="elementor-column elementor-col-50 elementor-top-column elementor-element elementor-element-beac5fc" data-id="beac5fc" data-element_type="column">
			<div class="elementor-widget-wrap elementor-element-populated">
								<div class="elementor-element elementor-element-5b78793 elementor-widget elementor-widget-ld_fancy_image" data-id="5b78793" data-element_type="widget" data-widget_type="ld_fancy_image.default">
				<div class="elementor-widget-container">
			
		<div class="lqd-imggrp-single d-block pos-rel perspective" data-hover3d="true">
			<div class="lqd-imggrp-img-container d-inline-flex pos-rel align-items-center justify-content-center transform-style-3d">
								<figure class="w-100 pos-rel" data-stacking-factor="0.4">
					<img loading="lazy" decoding="async" width="1354" height="944" src="data:image/svg+xml;charset=utf-8,%3Csvg xmlns%3D&#039;http%3A%2F%2Fwww.w3.org%2F2000%2Fsvg&#039; viewBox%3D&#039;0 0 1354 944&#039;%2F%3E" class="attachment-full size-full wp-image-4511 ld-lazyload" alt="" itemprop="image" data-src="/wp-content/uploads/2018/08/4@2x-1-3.jpg" data-srcset="/wp-content/uploads/2018/08/4@2x-1-3.jpg 1354w, /wp-content/uploads/2018/08/4@2x-1-3-300x209.jpg 300w, /wp-content/uploads/2018/08/4@2x-1-3-1024x714.jpg 1024w" data-sizes="(max-width: 1354px) 100vw, 1354px" data-aspect="1.4343220338983" />																									<a href="/wp-content/uploads/2018/08/4@2x-1-3.jpg" class="lqd-overlay lqd-fi-overlay-link lqd-cc-label-trigger fresco" data-fresco-group="lightbox-1"></a>				</figure>
			</div>
		</div>

			</div>
				</div>
					</div>
		</div>
							</div>
		</section>
				<section class="elementor-section elementor-top-section elementor-element elementor-element-ed472bd elementor-reverse-tablet elementor-reverse-mobile elementor-section-boxed elementor-section-height-default elementor-section-height-default" data-id="ed472bd" data-element_type="section">
						<div class="elementor-container elementor-column-gap-default">
					<div class="elementor-column elementor-col-50 elementor-top-column elementor-element elementor-element-1b3ab56" data-id="1b3ab56" data-element_type="column">
			<div class="elementor-widget-wrap elementor-element-populated">
								<div class="elementor-element elementor-element-d80c68b elementor-widget elementor-widget-ld_fancy_image" data-id="d80c68b" data-element_type="widget" data-widget_type="ld_fancy_image.default">
				<div class="elementor-widget-container">
			
		<div class="lqd-imggrp-single d-block pos-rel perspective" data-hover3d="true">
			<div class="lqd-imggrp-img-container d-inline-flex pos-rel align-items-center justify-content-center transform-style-3d">
								<figure class="w-100 pos-rel" data-stacking-factor="0.4">
					<img loading="lazy" decoding="async" width="774" height="910" src="data:image/svg+xml;charset=utf-8,%3Csvg xmlns%3D&#039;http%3A%2F%2Fwww.w3.org%2F2000%2Fsvg&#039; viewBox%3D&#039;0 0 774 910&#039;%2F%3E" class="attachment-full size-full wp-image-4514 ld-lazyload" alt="" itemprop="image" data-src="/wp-content/uploads/2018/08/5@2x-1-3.jpg" data-srcset="/wp-content/uploads/2018/08/5@2x-1-3.jpg 774w, /wp-content/uploads/2018/08/5@2x-1-3-255x300.jpg 255w" data-sizes="(max-width: 774px) 100vw, 774px" data-aspect="0.85054945054945" />																									<a href="/wp-content/uploads/2018/08/5@2x-1-3.jpg" class="lqd-overlay lqd-fi-overlay-link lqd-cc-label-trigger fresco" data-fresco-group="lightbox-1"></a>				</figure>
			</div>
		</div>

			</div>
				</div>
					</div>
		</div>
				<div class="elementor-column elementor-col-50 elementor-top-column elementor-element elementor-element-3a88baf" data-id="3a88baf" data-element_type="column">
			<div class="elementor-widget-wrap elementor-element-populated">
								<div class="elementor-element elementor-element-c3a4587 elementor-widget elementor-widget-hub_fancy_heading" data-id="c3a4587" data-element_type="widget" data-widget_type="hub_fancy_heading.default">
				<div class="elementor-widget-container">
			
		<div id="ld-fancy-heading-65940eef66bcf" class="ld-fancy-heading pos-rel">
			<p class="ld-fh-element d-inline-block pos-rel  lqd-highlight-classic lqd-highlight-grow-left p"  > 05</p>		</div>

				</div>
				</div>
					</div>
		</div>
							</div>
		</section>
				<section class="elementor-section elementor-top-section elementor-element elementor-element-6a25fed elementor-section-boxed elementor-section-height-default elementor-section-height-default" data-id="6a25fed" data-element_type="section">
						<div class="elementor-container elementor-column-gap-default">
					<div class="elementor-column elementor-col-100 elementor-top-column elementor-element elementor-element-f1ce3db" data-id="f1ce3db" data-element_type="column">
			<div class="elementor-widget-wrap elementor-element-populated">
								<div class="elementor-element elementor-element-3e7434a elementor-widget elementor-widget-ld_single_portfolio_nav" data-id="3e7434a" data-element_type="widget" data-widget_type="ld_single_portfolio_nav.default">
				<div class="elementor-widget-container">
								<div class="lqd-pf-meta-nav d-flex lqd-pf-meta-nav-not-classic lqd-pf-meta-nav-not-classic-outline align-items-center justify-content-center">
												<a href="/portfolio/photo-retouching/" class="lqd-pf-nav-link lqd-pf-nav-next d-flex flex-row-reverse align-items-center">
							<span class="d-flex flex-column">
								<span class="lqd-pf-nav-link-subtitle">
									<span>next project</span>
									<svg xmlns="http://www.w3.org/2000/svg" width="32" height="32" viewBox="0 0 32 32" style="height: 1em;"><path fill="currentColor" d="M17.806 25.788l8.631-8.375c.375-.363.563-.857.563-1.4v-.025c0-.544-.188-1.038-.563-1.4l-8.63-8.375c-.75-.782-1.957-.782-2.7 0s-.745 2.043 0 2.825L20.293 14H6.919C5.856 14 5 14.894 5 16c0 1.125.856 2 1.912 2h13.375L15.1 22.963a2.067 2.067 0 0 0 0 2.824c.75.782 1.956.782 2.706 0z"></path></svg>
								</span>
								<span class="lqd-pf-nav-link-title ">Photo Retouching</span>
							</span>
						</a>
											</div>
						</div>
				</div>
					</div>
		</div>
							</div>
		</section>
							</div>
		]]></content:encoded>
					
		
		
			</item>
		<item>
		<title>Nike Shopping</title>
		<link>/portfolio/nike-shopping/</link>
		
		<dc:creator><![CDATA[Daniel]]></dc:creator>
		<pubDate>Wed, 15 Aug 2018 12:41:48 +0000</pubDate>
				<guid isPermaLink="false">http://one.peakteam.co/?post_type=rella-portfolio&#038;p=3321</guid>

					<description><![CDATA[Winter is coming]]></description>
										<content:encoded><![CDATA[		<div data-elementor-type="wp-post" data-elementor-id="3321" class="elementor elementor-3321">
									<section data-section-luminosity="dark" class="elementor-section elementor-top-section elementor-element elementor-element-5493105 elementor-section-height-full elementor-section-boxed elementor-section-height-default elementor-section-items-middle" data-id="5493105" data-element_type="section" data-settings="{&quot;background_background&quot;:&quot;classic&quot;}">
						<div class="elementor-container elementor-column-gap-default">
					<div class="elementor-column elementor-col-100 elementor-top-column elementor-element elementor-element-f5f0da7" data-id="f5f0da7" data-element_type="column">
			<div class="elementor-widget-wrap elementor-element-populated">
								<section class="elementor-section elementor-inner-section elementor-element elementor-element-e02b5bc elementor-section-height-min-height elementor-section-content-middle elementor-section-boxed elementor-section-height-default" data-id="e02b5bc" data-element_type="section">
						<div class="elementor-container elementor-column-gap-no">
					<div class="elementor-column elementor-col-100 elementor-inner-column elementor-element elementor-element-a4f78f5" data-id="a4f78f5" data-element_type="column">
			<div class="elementor-widget-wrap elementor-element-populated">
								<div class="elementor-element elementor-element-687c056 elementor-widget elementor-widget-hub_fancy_heading" data-id="687c056" data-element_type="widget" data-widget_type="hub_fancy_heading.default">
				<div class="elementor-widget-container">
			
		<div id="ld-fancy-heading-65940eef6c786" class="ld-fancy-heading pos-rel">
			<h1 class="ld-fh-element d-inline-block pos-rel  elementor-heading-title lqd-highlight-classic lqd-highlight-grow-left h1"  > Curology Skin</h1>		</div>

				</div>
				</div>
				<div class="elementor-element elementor-element-6d4b4bc elementor-widget elementor-widget-hub_fancy_heading" data-id="6d4b4bc" data-element_type="widget" data-widget_type="hub_fancy_heading.default">
				<div class="elementor-widget-container">
			
		<div id="ld-fancy-heading-65940eef6d172" class="ld-fancy-heading pos-rel">
			<p class="ld-fh-element d-inline-block pos-rel  lqd-highlight-classic lqd-highlight-grow-left p"  > I build and activate brands through cultural insight, strategic vision, and the power of emotion across every element of its expression.</p>		</div>

				</div>
				</div>
				<div class="elementor-element elementor-element-d14bbec elementor-widget elementor-widget-spacer" data-id="d14bbec" data-element_type="widget" data-widget_type="spacer.default">
				<div class="elementor-widget-container">
			<style>/*! elementor - v3.18.0 - 20-12-2023 */
.elementor-column .elementor-spacer-inner{height:var(--spacer-size)}.e-con{--container-widget-width:100%}.e-con-inner>.elementor-widget-spacer,.e-con>.elementor-widget-spacer{width:var(--container-widget-width,var(--spacer-size));--align-self:var(--container-widget-align-self,initial);--flex-shrink:0}.e-con-inner>.elementor-widget-spacer>.elementor-widget-container,.e-con>.elementor-widget-spacer>.elementor-widget-container{height:100%;width:100%}.e-con-inner>.elementor-widget-spacer>.elementor-widget-container>.elementor-spacer,.e-con>.elementor-widget-spacer>.elementor-widget-container>.elementor-spacer{height:100%}.e-con-inner>.elementor-widget-spacer>.elementor-widget-container>.elementor-spacer>.elementor-spacer-inner,.e-con>.elementor-widget-spacer>.elementor-widget-container>.elementor-spacer>.elementor-spacer-inner{height:var(--container-widget-height,var(--spacer-size))}.e-con-inner>.elementor-widget-spacer.elementor-widget-empty,.e-con>.elementor-widget-spacer.elementor-widget-empty{position:relative;min-height:22px;min-width:22px}.e-con-inner>.elementor-widget-spacer.elementor-widget-empty .elementor-widget-empty-icon,.e-con>.elementor-widget-spacer.elementor-widget-empty .elementor-widget-empty-icon{position:absolute;top:0;bottom:0;left:0;right:0;margin:auto;padding:0;width:22px;height:22px}</style>		<div class="elementor-spacer">
			<div class="elementor-spacer-inner"></div>
		</div>
				</div>
				</div>
					</div>
		</div>
							</div>
		</section>
				<section class="elementor-section elementor-inner-section elementor-element elementor-element-beb5ad1 elementor-section-boxed elementor-section-height-default elementor-section-height-default" data-id="beb5ad1" data-element_type="section">
						<div class="elementor-container elementor-column-gap-default">
					<div class="elementor-column elementor-col-100 elementor-inner-column elementor-element elementor-element-1d6e306" data-id="1d6e306" data-element_type="column">
			<div class="elementor-widget-wrap elementor-element-populated">
								<div class="elementor-element elementor-element-8f0d1f4 elementor-widget elementor-widget-ld_button" data-id="8f0d1f4" data-element_type="widget" data-widget_type="ld_button.default">
				<div class="elementor-widget-container">
			
			<a
				class="elementor-button btn btn-naked btn-icon-block btn-has-label" data-localscroll="1" data-localscroll-options="{&quot;scrollBelowSection&quot;:true}" href="#"			>
									<span data-text="Scroll" class="btn-txt">
						Scroll					</span>
														<span class="btn-icon">
							<i aria-hidden="true" class="lqd-icn-ess icon-ion-ios-arrow-down"></i>						</span>
									</a>
					</div>
				</div>
					</div>
		</div>
							</div>
		</section>
					</div>
		</div>
							</div>
		</section>
				<section class="elementor-section elementor-top-section elementor-element elementor-element-9614aee elementor-section-boxed elementor-section-height-default elementor-section-height-default" data-id="9614aee" data-element_type="section">
						<div class="elementor-container elementor-column-gap-default">
					<div class="elementor-column elementor-col-50 elementor-top-column elementor-element elementor-element-f5e1978" data-id="f5e1978" data-element_type="column">
			<div class="elementor-widget-wrap elementor-element-populated">
								<div class="elementor-element elementor-element-d500117 elementor-widget elementor-widget-hub_fancy_heading" data-id="d500117" data-element_type="widget" data-widget_type="hub_fancy_heading.default">
				<div class="elementor-widget-container">
			
		<div id="ld-fancy-heading-65940eef71b34" class="ld-fancy-heading pos-rel">
			<h3 class="ld-fh-element d-inline-block pos-rel  elementor-heading-title lqd-highlight-classic lqd-highlight-grow-left h3"  > Project Brief</h3>		</div>

				</div>
				</div>
					</div>
		</div>
				<div class="elementor-column elementor-col-50 elementor-top-column elementor-element elementor-element-eece90c" data-id="eece90c" data-element_type="column">
			<div class="elementor-widget-wrap elementor-element-populated">
								<div class="elementor-element elementor-element-3a0f774 elementor-widget elementor-widget-hub_fancy_heading" data-id="3a0f774" data-element_type="widget" data-widget_type="hub_fancy_heading.default">
				<div class="elementor-widget-container">
			
		<div id="ld-fancy-heading-65940eef72945" class="ld-fancy-heading pos-rel">
			<p class="ld-fh-element d-inline-block pos-rel  lqd-highlight-classic lqd-highlight-grow-left p"  > My job is to build your website so that it is functional and user friendly but at the same time attractive. My aim is to bring across your message and identity in the most creative way.</p>		</div>

				</div>
				</div>
				<div class="elementor-element elementor-element-1ad935b elementor-widget elementor-widget-hub_fancy_heading" data-id="1ad935b" data-element_type="widget" data-widget_type="hub_fancy_heading.default">
				<div class="elementor-widget-container">
			
		<div id="ld-fancy-heading-65940eef73222" class="ld-fancy-heading pos-rel">
			<p class="ld-fh-element d-inline-block pos-rel  lqd-highlight-classic lqd-highlight-grow-left p"  > I enjoy turning complex problems into simple, beautiful and intuitive interface designs. When I’m not coding or pushing pixels, you’ll find me in the pool or on the court shooting hoops.</p>		</div>

				</div>
				</div>
				<div class="elementor-element elementor-element-9011ba2 elementor-widget elementor-widget-ld_single_portfolio_meta" data-id="9011ba2" data-element_type="widget" data-widget_type="ld_single_portfolio_meta.default">
				<div class="elementor-widget-container">
			
            <div class="lqd-pf-single-meta d-flex flex-wrap justify-content-between columns-3">
                <div class="lqd-pf-single-meta-part"><p class="mt-0 mb-0">Client </p><p class="mt-0 mb-0"> LiquidThemes</p></div><div class="lqd-pf-single-meta-part"><p class="mt-0 mb-0">Role </p><p class="mt-0 mb-0"> UI Designer<br />Development<br />Branding<br />Photoshoot</p></div><div class="lqd-pf-single-meta-part"><p class="mt-0 mb-0">Date </p><p class="mt-0 mb-0"> 2021</p></div>            </div>
  
        		</div>
				</div>
					</div>
		</div>
							</div>
		</section>
				<section class="elementor-section elementor-top-section elementor-element elementor-element-463eeec elementor-section-boxed elementor-section-height-default elementor-section-height-default" data-id="463eeec" data-element_type="section" data-settings="{&quot;background_background&quot;:&quot;classic&quot;}">
						<div class="elementor-container elementor-column-gap-default">
					<div class="elementor-column elementor-col-100 elementor-top-column elementor-element elementor-element-f7d9aa8" data-id="f7d9aa8" data-element_type="column">
			<div class="elementor-widget-wrap elementor-element-populated">
								<section class="elementor-section elementor-inner-section elementor-element elementor-element-5f2f791 elementor-section-boxed elementor-section-height-default elementor-section-height-default" data-id="5f2f791" data-element_type="section">
						<div class="elementor-container elementor-column-gap-no">
					<div class="elementor-column elementor-col-100 elementor-inner-column elementor-element elementor-element-28c2e37" data-id="28c2e37" data-element_type="column">
			<div class="elementor-widget-wrap elementor-element-populated">
								<div data-parallax="true" data-parallax-options="{&quot;ease&quot;:[&quot;linear&quot;],&quot;start&quot;:&quot;top bottom&quot;,&quot;end&quot;:&quot;bottom+=0px top&quot;}" data-parallax-from="{&quot;y&quot;:&quot;50px&quot;}" data-parallax-to="{&quot;y&quot;:&quot;-50px&quot;}" class="elementor-element elementor-element-f5a7926 elementor-widget__width-initial elementor-widget elementor-widget-ld_fancy_image" data-id="f5a7926" data-element_type="widget" data-widget_type="ld_fancy_image.default">
				<div class="elementor-widget-container">
			
		<div class="lqd-imggrp-single d-block pos-rel ">
			<div class="lqd-imggrp-img-container d-inline-flex pos-rel align-items-center justify-content-center ">
								<figure class="w-100 pos-rel">
					<img loading="lazy" decoding="async" width="1530" height="960" src="data:image/svg+xml;charset=utf-8,%3Csvg xmlns%3D&#039;http%3A%2F%2Fwww.w3.org%2F2000%2Fsvg&#039; viewBox%3D&#039;0 0 1530 960&#039;%2F%3E" class="attachment-full size-full wp-image-4663 ld-lazyload" alt="" itemprop="image" data-src="/wp-content/uploads/2018/09/Browser@2x.jpg" data-srcset="/wp-content/uploads/2018/09/Browser@2x.jpg 1530w, /wp-content/uploads/2018/09/Browser@2x-300x188.jpg 300w, /wp-content/uploads/2018/09/Browser@2x-1024x643.jpg 1024w, /wp-content/uploads/2018/09/Browser@2x-18x12.jpg 18w" data-sizes="(max-width: 1530px) 100vw, 1530px" data-aspect="1.59375" />																													</figure>
			</div>
		</div>

			</div>
				</div>
					</div>
		</div>
							</div>
		</section>
				<section class="elementor-section elementor-inner-section elementor-element elementor-element-52ebdec elementor-section-boxed elementor-section-height-default elementor-section-height-default" data-id="52ebdec" data-element_type="section">
						<div class="elementor-container elementor-column-gap-default">
					<div class="elementor-column elementor-col-50 elementor-inner-column elementor-element elementor-element-0f97dd2" data-id="0f97dd2" data-element_type="column">
			<div class="elementor-widget-wrap elementor-element-populated">
								<div data-parallax="true" data-parallax-options="{&quot;ease&quot;:[&quot;linear&quot;],&quot;start&quot;:&quot;top bottom&quot;,&quot;end&quot;:&quot;bottom+=0px top&quot;}" data-parallax-from="{&quot;y&quot;:&quot;110px&quot;}" data-parallax-to="{&quot;y&quot;:&quot;-80px&quot;}" class="elementor-element elementor-element-389cfdd elementor-widget__width-initial elementor-widget elementor-widget-ld_fancy_image" data-id="389cfdd" data-element_type="widget" data-widget_type="ld_fancy_image.default">
				<div class="elementor-widget-container">
			
		<div class="lqd-imggrp-single d-block pos-rel ">
			<div class="lqd-imggrp-img-container d-inline-flex pos-rel align-items-center justify-content-center ">
								<figure class="w-100 pos-rel">
					<img loading="lazy" decoding="async" width="312" height="407" src="data:image/svg+xml;charset=utf-8,%3Csvg xmlns%3D&#039;http%3A%2F%2Fwww.w3.org%2F2000%2Fsvg&#039; viewBox%3D&#039;0 0 312 407&#039;%2F%3E" class="attachment-full size-full wp-image-4753 ld-lazyload" alt="" itemprop="image" data-src="/wp-content/uploads/2018/08/Mask@2x-4-3.jpg" data-srcset="/wp-content/uploads/2018/08/Mask@2x-4-3.jpg 312w, /wp-content/uploads/2018/08/Mask@2x-4-3-230x300.jpg 230w, /wp-content/uploads/2018/08/Mask@2x-4-3-9x12.jpg 9w" data-sizes="(max-width: 312px) 100vw, 312px" data-aspect="0.76658476658477" />																													</figure>
			</div>
		</div>

			</div>
				</div>
					</div>
		</div>
				<div class="elementor-column elementor-col-50 elementor-inner-column elementor-element elementor-element-fa1a7ff" data-id="fa1a7ff" data-element_type="column">
			<div class="elementor-widget-wrap elementor-element-populated">
								<div data-parallax="true" data-parallax-options="{&quot;ease&quot;:[&quot;linear&quot;],&quot;start&quot;:&quot;top bottom&quot;,&quot;end&quot;:&quot;bottom+=0px top&quot;}" data-parallax-from="{&quot;y&quot;:&quot;215px&quot;}" data-parallax-to="{&quot;y&quot;:&quot;-130px&quot;}" class="elementor-element elementor-element-bd91406 elementor-widget__width-initial elementor-widget elementor-widget-ld_fancy_image" data-id="bd91406" data-element_type="widget" data-widget_type="ld_fancy_image.default">
				<div class="elementor-widget-container">
			
		<div class="lqd-imggrp-single d-block pos-rel ">
			<div class="lqd-imggrp-img-container d-inline-flex pos-rel align-items-center justify-content-center ">
								<figure class="w-100 pos-rel">
					<img loading="lazy" decoding="async" width="388" height="518" src="data:image/svg+xml;charset=utf-8,%3Csvg xmlns%3D&#039;http%3A%2F%2Fwww.w3.org%2F2000%2Fsvg&#039; viewBox%3D&#039;0 0 388 518&#039;%2F%3E" class="attachment-full size-full wp-image-4665 ld-lazyload" alt="" itemprop="image" data-src="/wp-content/uploads/2018/09/fd0d584da6a424d195b0f118de184546@2x.jpg" data-srcset="/wp-content/uploads/2018/09/fd0d584da6a424d195b0f118de184546@2x.jpg 388w, /wp-content/uploads/2018/09/fd0d584da6a424d195b0f118de184546@2x-225x300.jpg 225w, /wp-content/uploads/2018/09/fd0d584da6a424d195b0f118de184546@2x-9x12.jpg 9w" data-sizes="(max-width: 388px) 100vw, 388px" data-aspect="0.74903474903475" />																													</figure>
			</div>
		</div>

			</div>
				</div>
					</div>
		</div>
							</div>
		</section>
					</div>
		</div>
							</div>
		</section>
				<section class="elementor-section elementor-top-section elementor-element elementor-element-9b6282b elementor-section-boxed elementor-section-height-default elementor-section-height-default" data-id="9b6282b" data-element_type="section">
						<div class="elementor-container elementor-column-gap-default">
					<div class="elementor-column elementor-col-100 elementor-top-column elementor-element elementor-element-ddfbddf" data-id="ddfbddf" data-element_type="column">
			<div class="elementor-widget-wrap elementor-element-populated">
								<div class="elementor-element elementor-element-ac5b968 elementor-widget elementor-widget-hub_fancy_heading" data-id="ac5b968" data-element_type="widget" data-widget_type="hub_fancy_heading.default">
				<div class="elementor-widget-container">
			
		<div id="ld-fancy-heading-65940eefec118" class="ld-fancy-heading pos-rel">
			<h3 class="ld-fh-element d-inline-block pos-rel  elementor-heading-title lqd-highlight-classic lqd-highlight-grow-left h3"  > My Approach</h3>		</div>

				</div>
				</div>
				<div class="elementor-element elementor-element-ebd8d4a elementor-widget elementor-widget-hub_fancy_heading" data-id="ebd8d4a" data-element_type="widget" data-widget_type="hub_fancy_heading.default">
				<div class="elementor-widget-container">
			
		<div id="ld-fancy-heading-65940eefeca5e" class="ld-fancy-heading pos-rel">
			<p class="ld-fh-element d-inline-block pos-rel  lqd-highlight-classic lqd-highlight-grow-left p"  > Our eCommerce design starts and ends with a best-in-class experience strategy that builds brands and drives transactions.</p>		</div>

				</div>
				</div>
				<div class="elementor-element elementor-element-5e39d45 elementor-widget elementor-widget-hub_fancy_heading" data-id="5e39d45" data-element_type="widget" data-widget_type="hub_fancy_heading.default">
				<div class="elementor-widget-container">
			
		<div id="ld-fancy-heading-65940eefed1e3" class="ld-fancy-heading pos-rel">
			<p class="ld-fh-element d-inline-block pos-rel  lqd-highlight-classic lqd-highlight-grow-left p"  > My job is to build your website so that it is functional and user friendly but at the same time attractive. My aim is to bring across your message and identity in the most creative way. It’s time to bring it all together. Nothing is more rewarding for me than making great work for clients with meaningful missions.</p>		</div>

				</div>
				</div>
					</div>
		</div>
							</div>
		</section>
				<section class="elementor-section elementor-top-section elementor-element elementor-element-9835345 elementor-section-boxed elementor-section-height-default elementor-section-height-default" data-id="9835345" data-element_type="section">
						<div class="elementor-container elementor-column-gap-default">
					<div class="elementor-column elementor-col-100 elementor-top-column elementor-element elementor-element-253606a" data-id="253606a" data-element_type="column">
			<div class="elementor-widget-wrap elementor-element-populated">
								<div class="elementor-element elementor-element-365c3e8 elementor-widget elementor-widget-ld_carousel" data-id="365c3e8" data-element_type="widget" data-widget_type="ld_carousel.default">
				<div class="elementor-widget-container">
			
		<div class="carousel-container pos-rel carousel-nav-shaped carousel-dots-style4 carousel-dots-mobile-outside carousel-dots-mobile-center yes" id="" >

			<div class="carousel-items pos-rel "  data-lqd-flickity='{"pageDots":true,"fullwidthSide":true,"cellAlign":"left","groupCells":false,"prevNextButtons":false,"dotsIndicator":"dots","dotsAppendTo":"self"}'>

								<div class="flickity-viewport-wrap">
								<div class="flickity-viewport pos-rel w-100 ">
					<div class="flickity-slider d-flex w-100 h-100 pos-rel align-items-start" style="right: 0; transform: translateX(0%);">
													<div class="carousel-item d-flex flex-column justify-content-center elementor-repeater-item-e6e3800">
								<div class="carousel-item-inner pos-rel w-100">
									<div class="carousel-item-content pos-rel w-100">

										<p><img loading="lazy" decoding="async" class="alignnone size-full wp-image-4816" src="https://staging.liquid-themes.com/portfolio-import/wp-content/uploads/2018/08/browser-carousel@2x-3.jpg" alt="" width="1530" height="960" srcset="/wp-content/uploads/2018/08/browser-carousel@2x-3.jpg 1530w, /wp-content/uploads/2018/08/browser-carousel@2x-3-300x188.jpg 300w, /wp-content/uploads/2018/08/browser-carousel@2x-3-1024x643.jpg 1024w, /wp-content/uploads/2018/08/browser-carousel@2x-3-18x12.jpg 18w" sizes="(max-width: 1530px) 100vw, 1530px" /></p>									</div>
								</div>
							</div>
													<div class="carousel-item d-flex flex-column justify-content-center elementor-repeater-item-7083e43">
								<div class="carousel-item-inner pos-rel w-100">
									<div class="carousel-item-content pos-rel w-100">

										<p><img loading="lazy" decoding="async" class="alignnone size-full wp-image-4749" src="https://staging.liquid-themes.com/portfolio-import/wp-content/uploads/2018/08/Browser-3@2x-3.jpg" alt="" width="1530" height="960" srcset="/wp-content/uploads/2018/08/Browser-3@2x-3.jpg 1530w, /wp-content/uploads/2018/08/Browser-3@2x-3-300x188.jpg 300w, /wp-content/uploads/2018/08/Browser-3@2x-3-1024x643.jpg 1024w" sizes="(max-width: 1530px) 100vw, 1530px" /></p>									</div>
								</div>
							</div>
													<div class="carousel-item d-flex flex-column justify-content-center elementor-repeater-item-d0ecaed">
								<div class="carousel-item-inner pos-rel w-100">
									<div class="carousel-item-content pos-rel w-100">

										<p><img loading="lazy" decoding="async" class="alignnone size-full wp-image-4816" src="https://staging.liquid-themes.com/portfolio-import/wp-content/uploads/2018/08/browser-carousel@2x-3.jpg" alt="" width="1530" height="960" srcset="/wp-content/uploads/2018/08/browser-carousel@2x-3.jpg 1530w, /wp-content/uploads/2018/08/browser-carousel@2x-3-300x188.jpg 300w, /wp-content/uploads/2018/08/browser-carousel@2x-3-1024x643.jpg 1024w, /wp-content/uploads/2018/08/browser-carousel@2x-3-18x12.jpg 18w" sizes="(max-width: 1530px) 100vw, 1530px" /></p>									</div>
								</div>
							</div>
											</div>
				</div>
			</div>
						</div>
			
			
		</div>
				</div>
				</div>
					</div>
		</div>
							</div>
		</section>
				<section class="elementor-section elementor-top-section elementor-element elementor-element-2c5758f elementor-section-boxed elementor-section-height-default elementor-section-height-default" data-id="2c5758f" data-element_type="section">
						<div class="elementor-container elementor-column-gap-default">
					<div class="elementor-column elementor-col-100 elementor-top-column elementor-element elementor-element-d2007b3" data-id="d2007b3" data-element_type="column">
			<div class="elementor-widget-wrap elementor-element-populated">
								<div class="elementor-element elementor-element-2849e11 elementor-widget elementor-widget-hub_fancy_heading" data-id="2849e11" data-element_type="widget" data-widget_type="hub_fancy_heading.default">
				<div class="elementor-widget-container">
			
		<div id="ld-fancy-heading-65940eefef550" class="ld-fancy-heading pos-rel">
			<h3 class="ld-fh-element d-inline-block pos-rel  elementor-heading-title lqd-highlight-classic lqd-highlight-grow-left h3"  >  The Solution</h3>		</div>

				</div>
				</div>
				<div class="elementor-element elementor-element-3ba0b13 elementor-widget elementor-widget-hub_fancy_heading" data-id="3ba0b13" data-element_type="widget" data-widget_type="hub_fancy_heading.default">
				<div class="elementor-widget-container">
			
		<div id="ld-fancy-heading-65940eefefe90" class="ld-fancy-heading pos-rel">
			<p class="ld-fh-element d-inline-block pos-rel  lqd-highlight-classic lqd-highlight-grow-left p"  > It’s time to bring it all together. Nothing is more rewarding for me than making great work for clients with meaningful missions. Through a deep understanding of our audience’s makeup and motivations, we design digital experiences that connect with people.</p>		</div>

				</div>
				</div>
				<div class="elementor-element elementor-element-7f95a55 elementor-widget elementor-widget-hub_fancy_heading" data-id="7f95a55" data-element_type="widget" data-widget_type="hub_fancy_heading.default">
				<div class="elementor-widget-container">
			
		<div id="ld-fancy-heading-65940eeff077d" class="ld-fancy-heading pos-rel">
			<p class="ld-fh-element d-inline-block pos-rel  lqd-highlight-classic lqd-highlight-grow-left p"  > We build and activate brands through cultural insight, strategic vision, and the power of emotion across every element of its expression</p>		</div>

				</div>
				</div>
					</div>
		</div>
							</div>
		</section>
				<section data-section-luminosity="dark" class="elementor-section elementor-top-section elementor-element elementor-element-fd9aff3 elementor-section-boxed elementor-section-height-default elementor-section-height-default" data-id="fd9aff3" data-element_type="section" data-settings="{&quot;background_background&quot;:&quot;classic&quot;}">
						<div class="elementor-container elementor-column-gap-default">
					<div class="elementor-column elementor-col-100 elementor-top-column elementor-element elementor-element-d7e15ef" data-id="d7e15ef" data-element_type="column">
			<div class="elementor-widget-wrap">
									</div>
		</div>
							</div>
		</section>
				<section class="elementor-section elementor-top-section elementor-element elementor-element-a1b90d0 elementor-section-boxed elementor-section-height-default elementor-section-height-default" data-id="a1b90d0" data-element_type="section">
						<div class="elementor-container elementor-column-gap-default">
					<div class="elementor-column elementor-col-100 elementor-top-column elementor-element elementor-element-91c276a" data-id="91c276a" data-element_type="column">
			<div class="elementor-widget-wrap elementor-element-populated">
								<div class="elementor-element elementor-element-6b5ffcb elementor-widget elementor-widget-hub_fancy_heading" data-id="6b5ffcb" data-element_type="widget" data-widget_type="hub_fancy_heading.default">
				<div class="elementor-widget-container">
			
		<div id="ld-fancy-heading-65940eeff23d9" class="ld-fancy-heading pos-rel">
			<h3 class="ld-fh-element d-inline-block pos-rel  elementor-heading-title lqd-highlight-classic lqd-highlight-grow-left h3"  >  Human Experience</h3>		</div>

				</div>
				</div>
				<div class="elementor-element elementor-element-b382807 elementor-widget elementor-widget-hub_fancy_heading" data-id="b382807" data-element_type="widget" data-widget_type="hub_fancy_heading.default">
				<div class="elementor-widget-container">
			
		<div id="ld-fancy-heading-65940eeff2aef" class="ld-fancy-heading pos-rel">
			<p class="ld-fh-element d-inline-block pos-rel  lqd-highlight-classic lqd-highlight-grow-left p"  > Our eCommerce design starts and ends with a best-in-class experience strategy that builds brands and drives transactions.</p>		</div>

				</div>
				</div>
				<div class="elementor-element elementor-element-943a0ee elementor-widget elementor-widget-hub_fancy_heading" data-id="943a0ee" data-element_type="widget" data-widget_type="hub_fancy_heading.default">
				<div class="elementor-widget-container">
			
		<div id="ld-fancy-heading-65940eeff30df" class="ld-fancy-heading pos-rel">
			<p class="ld-fh-element d-inline-block pos-rel  lqd-highlight-classic lqd-highlight-grow-left p"  > My job is to build your website so that it is functional and user friendly but at the same time attractive. My aim is to bring across your message and identity in the most creative way. It’s time to bring it all together. Nothing is more rewarding for me than making great work for clients with meaningful missions.</p>		</div>

				</div>
				</div>
					</div>
		</div>
							</div>
		</section>
				<section class="elementor-section elementor-top-section elementor-element elementor-element-58a1901 elementor-section-boxed elementor-section-height-default elementor-section-height-default" data-id="58a1901" data-element_type="section">
						<div class="elementor-container elementor-column-gap-default">
					<div class="elementor-column elementor-col-100 elementor-top-column elementor-element elementor-element-21352ed" data-id="21352ed" data-element_type="column" data-settings="{&quot;background_background&quot;:&quot;classic&quot;}">
			<div class="elementor-widget-wrap elementor-element-populated">
								<div data-parallax="true" data-parallax-options="{&quot;ease&quot;:[&quot;linear&quot;],&quot;start&quot;:&quot;top bottom&quot;,&quot;end&quot;:&quot;bottom+=0px top&quot;}" data-parallax-from="{&quot;y&quot;:&quot;80px&quot;}" data-parallax-to="{&quot;y&quot;:&quot;-80px&quot;}" class="elementor-element elementor-element-bb0275b elementor-widget__width-initial elementor-widget elementor-widget-ld_fancy_image" data-id="bb0275b" data-element_type="widget" data-widget_type="ld_fancy_image.default">
				<div class="elementor-widget-container">
			
		<div class="lqd-imggrp-single d-block pos-rel perspective" data-hover3d="true">
			<div class="lqd-imggrp-img-container d-inline-flex pos-rel align-items-center justify-content-center transform-style-3d">
								<figure class="w-100 pos-rel" data-stacking-factor="1">
					<img loading="lazy" decoding="async" width="1530" height="960" src="data:image/svg+xml;charset=utf-8,%3Csvg xmlns%3D&#039;http%3A%2F%2Fwww.w3.org%2F2000%2Fsvg&#039; viewBox%3D&#039;0 0 1530 960&#039;%2F%3E" class="attachment-full size-full wp-image-4749 ld-lazyload" alt="" itemprop="image" data-src="/wp-content/uploads/2018/08/Browser-3@2x-3.jpg" data-srcset="/wp-content/uploads/2018/08/Browser-3@2x-3.jpg 1530w, /wp-content/uploads/2018/08/Browser-3@2x-3-300x188.jpg 300w, /wp-content/uploads/2018/08/Browser-3@2x-3-1024x643.jpg 1024w" data-sizes="(max-width: 1530px) 100vw, 1530px" data-aspect="1.59375" />																													</figure>
			</div>
		</div>

			</div>
				</div>
					</div>
		</div>
							</div>
		</section>
				<section class="elementor-section elementor-top-section elementor-element elementor-element-688838c elementor-section-content-middle elementor-section-boxed elementor-section-height-default elementor-section-height-default" data-id="688838c" data-element_type="section">
						<div class="elementor-container elementor-column-gap-default">
					<div class="elementor-column elementor-col-50 elementor-top-column elementor-element elementor-element-c8aa8a3" data-id="c8aa8a3" data-element_type="column" data-settings="{&quot;background_background&quot;:&quot;classic&quot;}">
			<div class="elementor-widget-wrap elementor-element-populated">
								<div data-parallax="true" data-parallax-options="{&quot;ease&quot;:[&quot;linear&quot;],&quot;start&quot;:&quot;top bottom&quot;,&quot;end&quot;:&quot;bottom+=0px top&quot;}" data-parallax-from="{&quot;y&quot;:&quot;58px&quot;}" data-parallax-to="{&quot;y&quot;:&quot;-38px&quot;}" class="elementor-element elementor-element-c019f34 elementor-widget__width-initial elementor-widget elementor-widget-ld_fancy_image" data-id="c019f34" data-element_type="widget" data-widget_type="ld_fancy_image.default">
				<div class="elementor-widget-container">
			
		<div class="lqd-imggrp-single d-block pos-rel perspective" data-hover3d="true">
			<div class="lqd-imggrp-img-container d-inline-flex pos-rel align-items-center justify-content-center transform-style-3d">
								<figure class="w-100 pos-rel" data-stacking-factor="1">
					<img loading="lazy" decoding="async" width="612" height="816" src="data:image/svg+xml;charset=utf-8,%3Csvg xmlns%3D&#039;http%3A%2F%2Fwww.w3.org%2F2000%2Fsvg&#039; viewBox%3D&#039;0 0 612 816&#039;%2F%3E" class="attachment-full size-full wp-image-4744 ld-lazyload" alt="" itemprop="image" data-src="/wp-content/uploads/2018/08/929fa7d99f692469c95a819c47a9c3842@2x-3.jpg" data-srcset="/wp-content/uploads/2018/08/929fa7d99f692469c95a819c47a9c3842@2x-3.jpg 612w, /wp-content/uploads/2018/08/929fa7d99f692469c95a819c47a9c3842@2x-3-225x300.jpg 225w" data-sizes="(max-width: 612px) 100vw, 612px" data-aspect="0.75" />																													</figure>
			</div>
		</div>

			</div>
				</div>
					</div>
		</div>
				<div class="elementor-column elementor-col-50 elementor-top-column elementor-element elementor-element-e750033" data-id="e750033" data-element_type="column" data-settings="{&quot;background_background&quot;:&quot;classic&quot;}">
			<div class="elementor-widget-wrap elementor-element-populated">
								<div data-parallax="true" data-parallax-options="{&quot;ease&quot;:[&quot;linear&quot;],&quot;start&quot;:&quot;top bottom&quot;,&quot;end&quot;:&quot;bottom+=0px top&quot;}" data-parallax-from="{&quot;y&quot;:&quot;75px&quot;}" data-parallax-to="{&quot;y&quot;:&quot;-135px&quot;}" class="elementor-element elementor-element-9b349a2 elementor-widget__width-initial elementor-widget elementor-widget-ld_fancy_image" data-id="9b349a2" data-element_type="widget" data-widget_type="ld_fancy_image.default">
				<div class="elementor-widget-container">
			
		<div class="lqd-imggrp-single d-block pos-rel perspective" data-hover3d="true">
			<div class="lqd-imggrp-img-container d-inline-flex pos-rel align-items-center justify-content-center transform-style-3d">
								<figure class="w-100 pos-rel" data-stacking-factor="1">
					<img loading="lazy" decoding="async" width="388" height="518" src="data:image/svg+xml;charset=utf-8,%3Csvg xmlns%3D&#039;http%3A%2F%2Fwww.w3.org%2F2000%2Fsvg&#039; viewBox%3D&#039;0 0 388 518&#039;%2F%3E" class="attachment-full size-full wp-image-4665 ld-lazyload" alt="" itemprop="image" data-src="/wp-content/uploads/2018/09/fd0d584da6a424d195b0f118de184546@2x.jpg" data-srcset="/wp-content/uploads/2018/09/fd0d584da6a424d195b0f118de184546@2x.jpg 388w, /wp-content/uploads/2018/09/fd0d584da6a424d195b0f118de184546@2x-225x300.jpg 225w, /wp-content/uploads/2018/09/fd0d584da6a424d195b0f118de184546@2x-9x12.jpg 9w" data-sizes="(max-width: 388px) 100vw, 388px" data-aspect="0.74903474903475" />																													</figure>
			</div>
		</div>

			</div>
				</div>
					</div>
		</div>
							</div>
		</section>
				<section class="elementor-section elementor-top-section elementor-element elementor-element-bdd8b78 elementor-section-boxed elementor-section-height-default elementor-section-height-default" data-id="bdd8b78" data-element_type="section">
						<div class="elementor-container elementor-column-gap-default">
					<div class="elementor-column elementor-col-100 elementor-top-column elementor-element elementor-element-6afa5ea" data-id="6afa5ea" data-element_type="column">
			<div class="elementor-widget-wrap elementor-element-populated">
								<div class="elementor-element elementor-element-f64fdc6 elementor-widget elementor-widget-hub_fancy_heading" data-id="f64fdc6" data-element_type="widget" data-widget_type="hub_fancy_heading.default">
				<div class="elementor-widget-container">
			
		<div id="ld-fancy-heading-65940ef076a2b" class="ld-fancy-heading pos-rel">
			<h3 class="ld-fh-element d-inline-block pos-rel  elementor-heading-title lqd-highlight-classic lqd-highlight-grow-left h3"  >  Prototyping</h3>		</div>

				</div>
				</div>
				<div class="elementor-element elementor-element-423670b elementor-widget elementor-widget-hub_fancy_heading" data-id="423670b" data-element_type="widget" data-widget_type="hub_fancy_heading.default">
				<div class="elementor-widget-container">
			
		<div id="ld-fancy-heading-65940ef077198" class="ld-fancy-heading pos-rel">
			<p class="ld-fh-element d-inline-block pos-rel  lqd-highlight-classic lqd-highlight-grow-left p"  > Let’s collaborate and make an impact with my cross-discipline approach to design and deveopment.</p>		</div>

				</div>
				</div>
				<div class="elementor-element elementor-element-1b9dd05 elementor-widget elementor-widget-hub_fancy_heading" data-id="1b9dd05" data-element_type="widget" data-widget_type="hub_fancy_heading.default">
				<div class="elementor-widget-container">
			
		<div id="ld-fancy-heading-65940ef077706" class="ld-fancy-heading pos-rel">
			<p class="ld-fh-element d-inline-block pos-rel  lqd-highlight-classic lqd-highlight-grow-left p"  > My job is to build your website so that it is functional and user friendly but at the same time attractive. My aim is to bring across your message and identity in the most creative way. I enjoy turning complex problems into simple, beautiful and intuitive interface designs. When I’m not coding or pushing pixels, you’ll find me in the pool or on the court shooting hoops.</p>		</div>

				</div>
				</div>
					</div>
		</div>
							</div>
		</section>
				<section class="elementor-section elementor-top-section elementor-element elementor-element-56870c8 elementor-section-boxed elementor-section-height-default elementor-section-height-default" data-id="56870c8" data-element_type="section" data-settings="{&quot;background_background&quot;:&quot;classic&quot;}">
						<div class="elementor-container elementor-column-gap-default">
					<div class="elementor-column elementor-col-100 elementor-top-column elementor-element elementor-element-8116e4e" data-id="8116e4e" data-element_type="column">
			<div class="elementor-widget-wrap elementor-element-populated">
								<div data-parallax="true" data-parallax-options="{&quot;ease&quot;:[&quot;linear&quot;],&quot;start&quot;:&quot;top bottom&quot;,&quot;end&quot;:&quot;bottom+=0px top&quot;}" data-parallax-from="{&quot;y&quot;:&quot;50px&quot;}" data-parallax-to="{&quot;y&quot;:&quot;-50px&quot;}" class="elementor-element elementor-element-ebf4799 elementor-widget__width-initial elementor-widget elementor-widget-ld_fancy_image" data-id="ebf4799" data-element_type="widget" data-widget_type="ld_fancy_image.default">
				<div class="elementor-widget-container">
			
		<div class="lqd-imggrp-single d-block pos-rel ">
			<div class="lqd-imggrp-img-container d-inline-flex pos-rel align-items-center justify-content-center ">
								<figure class="w-100 pos-rel">
					<img loading="lazy" decoding="async" width="1596" height="924" src="data:image/svg+xml;charset=utf-8,%3Csvg xmlns%3D&#039;http%3A%2F%2Fwww.w3.org%2F2000%2Fsvg&#039; viewBox%3D&#039;0 0 1596 924&#039;%2F%3E" class="attachment-full size-full wp-image-4742 ld-lazyload" alt="" itemprop="image" data-src="/wp-content/uploads/2018/08/Browser-4@2x-3.jpg" data-srcset="/wp-content/uploads/2018/08/Browser-4@2x-3.jpg 1596w, /wp-content/uploads/2018/08/Browser-4@2x-3-300x174.jpg 300w, /wp-content/uploads/2018/08/Browser-4@2x-3-1024x593.jpg 1024w" data-sizes="(max-width: 1596px) 100vw, 1596px" data-aspect="1.7272727272727" />																													</figure>
			</div>
		</div>

			</div>
				</div>
					</div>
		</div>
							</div>
		</section>
				<section class="elementor-section elementor-top-section elementor-element elementor-element-6b7180ad elementor-section-boxed elementor-section-height-default elementor-section-height-default" data-id="6b7180ad" data-element_type="section">
						<div class="elementor-container elementor-column-gap-default">
					<div class="elementor-column elementor-col-100 elementor-top-column elementor-element elementor-element-7413997" data-id="7413997" data-element_type="column">
			<div class="elementor-widget-wrap elementor-element-populated">
								<div class="elementor-element elementor-element-31b24ac8 elementor-widget elementor-widget-hub_fancy_heading" data-id="31b24ac8" data-element_type="widget" data-widget_type="hub_fancy_heading.default">
				<div class="elementor-widget-container">
			
		<div id="ld-fancy-heading-65940ef098240" class="ld-fancy-heading pos-rel">
			<h2 class="ld-fh-element d-inline-block pos-rel  elementor-heading-title lqd-highlight-classic lqd-highlight-grow-left h2"  > Testimonials</h2>		</div>

				</div>
				</div>
				<div class="elementor-element elementor-element-686f6529 elementor-widget elementor-widget-ld_carousel" data-id="686f6529" data-element_type="widget" data-widget_type="ld_carousel.default">
				<div class="elementor-widget-container">
			
		<div class="carousel-container pos-rel carousel-nav-center carousel-nav-center carousel-nav-floated carousel-nav-middle carousel-nav-middle no carousel-dots-style4 carousel-dots-mobile-outside carousel-dots-mobile-center yes" id="" >

			<div class="carousel-items pos-rel "  data-lqd-flickity='{"prevNextButtons":true,"pageDots":true,"wrapAround":true,"navArrow":"6","cellAlign":"left","groupCells":false,"buttonsAppendTo":"self","addSlideNumbersToArrows":false,"dotsIndicator":"dots","dotsAppendTo":"self"}'>

								<div class="flickity-viewport pos-rel w-100 overflow-hidden">
					<div class="flickity-slider d-flex w-100 h-100 pos-rel align-items-start" style="right: 0; transform: translateX(0%);">
													<div class="carousel-item d-flex flex-column justify-content-center elementor-repeater-item-6ba3a97">
								<div class="carousel-item-inner pos-rel w-100">
									<div class="carousel-item-content pos-rel w-100">

										<p>Such a solid theme. Well coded, organized and easy to set up and customize. Customer support has also been great when I have had questions. Online documentation is very comprehensive.</p>									</div>
								</div>
							</div>
													<div class="carousel-item d-flex flex-column justify-content-center elementor-repeater-item-fbc3588">
								<div class="carousel-item-inner pos-rel w-100">
									<div class="carousel-item-content pos-rel w-100">

										<p>Such a solid theme. Well coded, organized and easy to set up and customize. Customer support has also been great when I have had questions. Online documentation is very comprehensive.</p>									</div>
								</div>
							</div>
													<div class="carousel-item d-flex flex-column justify-content-center elementor-repeater-item-4fcbb9b">
								<div class="carousel-item-inner pos-rel w-100">
									<div class="carousel-item-content pos-rel w-100">

										<p>Such a solid theme. Well coded, organized and easy to set up and customize. Customer support has also been great when I have had questions. Online documentation is very comprehensive.</p>									</div>
								</div>
							</div>
											</div>
				</div>
			</div>
			
			
		</div>
				</div>
				</div>
				<div class="elementor-element elementor-element-bfba33a elementor-widget elementor-widget-hub_fancy_heading" data-id="bfba33a" data-element_type="widget" data-widget_type="hub_fancy_heading.default">
				<div class="elementor-widget-container">
			
		<div id="ld-fancy-heading-65940ef099099" class="ld-fancy-heading pos-rel">
			<p class="ld-fh-element d-inline-block pos-rel  lqd-highlight-classic lqd-highlight-grow-left p"  > Share on</p>		</div>

				</div>
				</div>
				<div class="elementor-element elementor-element-eee6647 elementor-icon-list--layout-inline elementor-align-center elementor-list-item-link-full_width elementor-widget elementor-widget-icon-list" data-id="eee6647" data-element_type="widget" data-widget_type="icon-list.default">
				<div class="elementor-widget-container">
			<link rel="stylesheet" href="/wp-content/plugins/elementor/assets/css/widget-icon-list-rtl.min.css">		<ul class="elementor-icon-list-items elementor-inline-items">
							<li class="elementor-icon-list-item elementor-inline-item">
											<span class="elementor-icon-list-icon">
							<svg aria-hidden="true" class="e-font-icon-svg e-fab-facebook" viewBox="0 0 512 512" xmlns="http://www.w3.org/2000/svg"><path d="M504 256C504 119 393 8 256 8S8 119 8 256c0 123.78 90.69 226.38 209.25 245V327.69h-63V256h63v-54.64c0-62.15 37-96.48 93.67-96.48 27.14 0 55.52 4.84 55.52 4.84v61h-31.28c-30.8 0-40.41 19.12-40.41 38.73V256h68.78l-11 71.69h-57.78V501C413.31 482.38 504 379.78 504 256z"></path></svg>						</span>
										<span class="elementor-icon-list-text"></span>
									</li>
								<li class="elementor-icon-list-item elementor-inline-item">
											<span class="elementor-icon-list-icon">
							<svg aria-hidden="true" class="e-font-icon-svg e-fab-twitter" viewBox="0 0 512 512" xmlns="http://www.w3.org/2000/svg"><path d="M459.37 151.716c.325 4.548.325 9.097.325 13.645 0 138.72-105.583 298.558-298.558 298.558-59.452 0-114.68-17.219-161.137-47.106 8.447.974 16.568 1.299 25.34 1.299 49.055 0 94.213-16.568 130.274-44.832-46.132-.975-84.792-31.188-98.112-72.772 6.498.974 12.995 1.624 19.818 1.624 9.421 0 18.843-1.3 27.614-3.573-48.081-9.747-84.143-51.98-84.143-102.985v-1.299c13.969 7.797 30.214 12.67 47.431 13.319-28.264-18.843-46.781-51.005-46.781-87.391 0-19.492 5.197-37.36 14.294-52.954 51.655 63.675 129.3 105.258 216.365 109.807-1.624-7.797-2.599-15.918-2.599-24.04 0-57.828 46.782-104.934 104.934-104.934 30.213 0 57.502 12.67 76.67 33.137 23.715-4.548 46.456-13.32 66.599-25.34-7.798 24.366-24.366 44.833-46.132 57.827 21.117-2.273 41.584-8.122 60.426-16.243-14.292 20.791-32.161 39.308-52.628 54.253z"></path></svg>						</span>
										<span class="elementor-icon-list-text"></span>
									</li>
								<li class="elementor-icon-list-item elementor-inline-item">
											<span class="elementor-icon-list-icon">
							<svg aria-hidden="true" class="e-font-icon-svg e-fab-pinterest" viewBox="0 0 496 512" xmlns="http://www.w3.org/2000/svg"><path d="M496 256c0 137-111 248-248 248-25.6 0-50.2-3.9-73.4-11.1 10.1-16.5 25.2-43.5 30.8-65 3-11.6 15.4-59 15.4-59 8.1 15.4 31.7 28.5 56.8 28.5 74.8 0 128.7-68.8 128.7-154.3 0-81.9-66.9-143.2-152.9-143.2-107 0-163.9 71.8-163.9 150.1 0 36.4 19.4 81.7 50.3 96.1 4.7 2.2 7.2 1.2 8.3-3.3.8-3.4 5-20.3 6.9-28.1.6-2.5.3-4.7-1.7-7.1-10.1-12.5-18.3-35.3-18.3-56.6 0-54.7 41.4-107.6 112-107.6 60.9 0 103.6 41.5 103.6 100.9 0 67.1-33.9 113.6-78 113.6-24.3 0-42.6-20.1-36.7-44.8 7-29.5 20.5-61.3 20.5-82.6 0-19-10.2-34.9-31.4-34.9-24.9 0-44.9 25.7-44.9 60.2 0 22 7.4 36.8 7.4 36.8s-24.5 103.8-29 123.2c-5 21.4-3 51.6-.9 71.2C65.4 450.9 0 361.1 0 256 0 119 111 8 248 8s248 111 248 248z"></path></svg>						</span>
										<span class="elementor-icon-list-text"></span>
									</li>
						</ul>
				</div>
				</div>
					</div>
		</div>
							</div>
		</section>
				<section class="elementor-section elementor-top-section elementor-element elementor-element-fdefa29 elementor-section-boxed elementor-section-height-default elementor-section-height-default" data-id="fdefa29" data-element_type="section">
						<div class="elementor-container elementor-column-gap-default">
					<div class="elementor-column elementor-col-100 elementor-top-column elementor-element elementor-element-65458a2" data-id="65458a2" data-element_type="column">
			<div class="elementor-widget-wrap elementor-element-populated">
								<div class="elementor-element elementor-element-3404f3f elementor-widget elementor-widget-ld_single_portfolio_nav" data-id="3404f3f" data-element_type="widget" data-widget_type="ld_single_portfolio_nav.default">
				<div class="elementor-widget-container">
								<div class="lqd-pf-meta-nav d-flex lqd-pf-meta-nav-classic align-items-center justify-content-between">
						
																						<a href="#" class="lqd-pf-nav-link lqd-pf-nav-all"><span></span></a>
														
												<a href="/portfolio/mercedez-benz-coupe/" class="lqd-pf-nav-link lqd-pf-nav-next d-flex flex-row-reverse align-items-center text-end">
							<i class="lqd-icn-ess icon-ion-ios-arrow-forward"></i>
							<span class="me-3 d-flex flex-column">
								<span class="lqd-pf-nav-link-subtitle">Next</span>
								<span class="lqd-pf-nav-link-title">Mercedez-Benz Coupe</span>
							</span>
						</a>
											</div>
						</div>
				</div>
					</div>
		</div>
							</div>
		</section>
							</div>
		]]></content:encoded>
					
		
		
			</item>
	</channel>
</rss>
